city,time,temperature_c,apparent_temperature_c,humidity_pct,windspeed_kmh,precipitation_mm,cloudcover_pct
Tallahassee,2026-04-09T00:00,16.6,12.5,33,13.7,0.0,79
Tallahassee,2026-04-09T01:00,14.5,11.2,59,17.1,0.0,50
Tallahassee,2026-04-09T02:00,14.5,10.6,56,19.6,0.0,0
Tallahassee,2026-04-09T03:00,14.5,10.9,60,18.9,0.0,100
Tallahassee,2026-04-09T04:00,15.2,11.3,52,18.7,0.0,100
Tallahassee,2026-04-09T05:00,14.1,10.5,58,17.4,0.0,78
Tallahassee,2026-04-09T06:00,13.6,10.7,65,14.5,0.0,36
Tallahassee,2026-04-09T07:00,13.6,10.8,64,13.8,0.0,50
Tallahassee,2026-04-09T08:00,13.9,10.7,62,15.8,0.0,37
Tallahassee,2026-04-09T09:00,15.0,11.8,64,18.6,0.0,34
Tallahassee,2026-04-09T10:00,16.8,13.9,66,20.2,0.0,3
Tallahassee,2026-04-09T11:00,19.2,17.5,65,19.7,0.0,4
Tallahassee,2026-04-09T12:00,20.9,20.5,59,17.3,0.0,1
Tallahassee,2026-04-09T13:00,22.7,23.0,56,18.3,0.0,2
Tallahassee,2026-04-09T14:00,23.7,23.9,49,18.7,0.0,3
Tallahassee,2026-04-09T15:00,24.9,24.7,44,18.4,0.0,25
Tallahassee,2026-04-09T16:00,25.2,24.7,44,17.3,0.0,13
Tallahassee,2026-04-09T17:00,25.1,23.8,43,16.9,0.0,12
Tallahassee,2026-04-09T18:00,23.8,22.2,49,16.1,0.0,3
Tallahassee,2026-04-09T19:00,23.2,22.1,49,12.0,0.0,0
Tallahassee,2026-04-09T20:00,21.8,19.6,47,14.8,0.0,0
Tallahassee,2026-04-09T21:00,20.5,19.0,47,8.6,0.0,0
Tallahassee,2026-04-09T22:00,18.8,17.1,54,10.5,0.0,0
Tallahassee,2026-04-09T23:00,18.1,16.0,58,13.4,0.0,0
Tallahassee,2026-04-10T00:00,17.2,15.0,58,13.0,0.0,0
Tallahassee,2026-04-10T01:00,16.3,14.2,61,12.0,0.0,0
Tallahassee,2026-04-10T02:00,15.4,13.0,60,12.2,0.0,0
Tallahassee,2026-04-10T03:00,14.7,12.3,63,12.3,0.0,0
Tallahassee,2026-04-10T04:00,14.2,12.1,69,11.4,0.0,0
Tallahassee,2026-04-10T05:00,13.8,11.7,76,13.2,0.0,0
Tallahassee,2026-04-10T06:00,13.5,11.8,83,13.3,0.0,1
Tallahassee,2026-04-10T07:00,13.3,11.7,87,12.9,0.0,2
Tallahassee,2026-04-10T08:00,13.9,12.5,87,13.0,0.0,2
Tallahassee,2026-04-10T09:00,16.5,15.0,77,15.0,0.0,1
Tallahassee,2026-04-10T10:00,19.0,17.9,68,14.3,0.0,2
Tallahassee,2026-04-10T11:00,21.6,21.1,59,14.2,0.0,5
Tallahassee,2026-04-10T12:00,23.6,23.9,51,13.8,0.0,15
Tallahassee,2026-04-10T13:00,24.9,25.8,46,13.6,0.0,26
Tallahassee,2026-04-10T14:00,26.0,26.8,40,13.2,0.0,12
Tallahassee,2026-04-10T15:00,26.7,26.9,38,14.5,0.0,30
Tallahassee,2026-04-10T16:00,27.2,27.2,36,12.9,0.0,100
Tallahassee,2026-04-10T17:00,27.3,26.4,34,11.9,0.0,79
Tallahassee,2026-04-10T18:00,26.9,24.7,31,12.5,0.0,100
Tallahassee,2026-04-10T19:00,26.3,23.7,28,10.9,0.0,100
Tallahassee,2026-04-10T20:00,23.6,21.7,32,6.4,0.0,100
Tallahassee,2026-04-10T21:00,22.1,20.0,36,8.0,0.0,100
Tallahassee,2026-04-10T22:00,20.6,18.6,41,8.2,0.0,100
Tallahassee,2026-04-10T23:00,19.6,17.9,44,5.9,0.0,100
Tallahassee,2026-04-11T00:00,18.5,16.7,51,9.0,0.0,100
Tallahassee,2026-04-11T01:00,17.4,16.9,62,4.0,0.0,100
Tallahassee,2026-04-11T02:00,16.9,15.8,59,4.9,0.0,100
Tallahassee,2026-04-11T03:00,16.5,15.9,62,2.2,0.0,100
Tallahassee,2026-04-11T04:00,16.0,15.7,66,1.5,0.0,100
Tallahassee,2026-04-11T05:00,15.4,14.9,72,4.3,0.0,76
Tallahassee,2026-04-11T06:00,14.8,14.2,77,5.7,0.0,55
Tallahassee,2026-04-11T07:00,14.1,13.3,81,7.1,0.0,7
Tallahassee,2026-04-11T08:00,14.7,14.4,84,6.7,0.0,0
Tallahassee,2026-04-11T09:00,18.4,19.5,78,3.0,0.0,0
Tallahassee,2026-04-11T10:00,21.4,22.5,67,4.3,0.0,14
Tallahassee,2026-04-11T11:00,24.1,25.5,52,3.7,0.0,14
Tallahassee,2026-04-11T12:00,25.9,27.2,39,5.4,0.0,5
Tallahassee,2026-04-11T13:00,27.2,28.3,35,8.8,0.0,22
Tallahassee,2026-04-11T14:00,28.0,28.7,32,11.5,0.0,0
Tallahassee,2026-04-11T15:00,28.5,28.8,29,11.5,0.0,1
Tallahassee,2026-04-11T16:00,29.0,28.6,27,11.6,0.0,4
Tallahassee,2026-04-11T17:00,29.0,27.0,25,13.2,0.0,6
Tallahassee,2026-04-11T18:00,28.6,26.2,25,10.1,0.0,4
Tallahassee,2026-04-11T19:00,27.1,25.1,29,9.3,0.0,0
Tallahassee,2026-04-11T20:00,22.7,20.9,37,6.7,0.0,0
Tallahassee,2026-04-11T21:00,20.3,18.8,43,5.1,0.0,0
Tallahassee,2026-04-11T22:00,19.0,17.2,47,8.1,0.0,0
Tallahassee,2026-04-11T23:00,17.8,15.9,52,9.2,0.0,0
Tallahassee,2026-04-12T00:00,17.6,16.0,58,9.9,0.0,0
Tallahassee,2026-04-12T01:00,17.1,15.8,64,9.7,0.0,0
Tallahassee,2026-04-12T02:00,16.4,15.5,72,8.9,0.0,0
Tallahassee,2026-04-12T03:00,15.5,15.1,81,7.8,0.0,0
Tallahassee,2026-04-12T04:00,14.9,14.8,88,7.2,0.0,0
Tallahassee,2026-04-12T05:00,14.4,14.6,93,5.7,0.0,0
Tallahassee,2026-04-12T06:00,14.2,14.4,96,7.0,0.0,0
Tallahassee,2026-04-12T07:00,13.9,13.9,97,7.6,0.0,0
Tallahassee,2026-04-12T08:00,14.9,15.2,92,6.3,0.0,0
Tallahassee,2026-04-12T09:00,18.4,18.2,73,9.3,0.0,0
Tallahassee,2026-04-12T10:00,21.4,20.8,59,11.0,0.0,0
Tallahassee,2026-04-12T11:00,23.8,23.3,46,11.5,0.0,0
Tallahassee,2026-04-12T12:00,25.7,25.7,37,11.5,0.0,0
Tallahassee,2026-04-12T13:00,27.5,27.8,30,10.7,0.0,0
Tallahassee,2026-04-12T14:00,28.9,29.3,26,10.6,0.0,0
Tallahassee,2026-04-12T15:00,29.8,30.0,23,9.2,0.0,0
Tallahassee,2026-04-12T16:00,30.2,29.8,22,9.0,0.0,0
Tallahassee,2026-04-12T17:00,30.1,28.7,23,10.4,0.0,5
Tallahassee,2026-04-12T18:00,28.8,26.5,28,13.0,0.0,5
Tallahassee,2026-04-12T19:00,25.5,24.3,41,11.4,0.0,100
Tallahassee,2026-04-12T20:00,21.0,20.3,54,7.6,0.0,6
Tallahassee,2026-04-12T21:00,19.2,18.4,59,7.6,0.0,5
Tallahassee,2026-04-12T22:00,18.2,17.6,63,6.3,0.0,0
Tallahassee,2026-04-12T23:00,17.6,16.8,66,8.4,0.0,0
Tallahassee,2026-04-13T00:00,17.4,16.4,66,9.1,0.0,0
Tallahassee,2026-04-13T01:00,17.5,16.3,65,10.0,0.0,0
Tallahassee,2026-04-13T02:00,16.5,15.7,71,8.0,0.0,6
Tallahassee,2026-04-13T03:00,15.9,15.4,77,7.3,0.0,5
Tallahassee,2026-04-13T04:00,15.1,14.8,83,6.8,0.0,70
Tallahassee,2026-04-13T05:00,14.6,14.4,87,6.9,0.0,100
Tallahassee,2026-04-13T06:00,14.2,14.0,90,6.9,0.0,48
Tallahassee,2026-04-13T07:00,14.0,13.8,92,7.3,0.0,100
Tallahassee,2026-04-13T08:00,15.1,15.2,87,6.0,0.0,100
Tallahassee,2026-04-13T09:00,18.0,17.6,73,9.3,0.0,100
Tallahassee,2026-04-13T10:00,20.8,20.1,60,10.7,0.0,100
Tallahassee,2026-04-13T11:00,22.9,21.8,48,10.7,0.0,100
Tallahassee,2026-04-13T12:00,24.4,23.6,40,9.2,0.0,100
Tallahassee,2026-04-13T13:00,25.9,25.6,34,9.5,0.0,100
Tallahassee,2026-04-13T14:00,26.7,26.3,31,10.4,0.0,100
Tallahassee,2026-04-13T15:00,27.4,27.0,29,11.2,0.0,100
Tallahassee,2026-04-13T16:00,27.6,26.6,28,11.5,0.0,100
Tallahassee,2026-04-13T17:00,27.2,25.3,28,11.1,0.0,100
Tallahassee,2026-04-13T18:00,26.5,24.2,30,11.2,0.0,100
Tallahassee,2026-04-13T19:00,24.5,22.7,37,10.4,0.0,10
Tallahassee,2026-04-13T20:00,20.1,18.4,47,8.7,0.0,10
Tallahassee,2026-04-13T21:00,18.5,17.1,51,6.4,0.0,7
Tallahassee,2026-04-13T22:00,17.7,16.7,55,4.4,0.0,6
Tallahassee,2026-04-13T23:00,17.2,16.3,57,3.7,0.0,0
Tallahassee,2026-04-14T00:00,17.0,16.0,56,3.9,0.0,0
Tallahassee,2026-04-14T01:00,16.2,14.5,59,8.3,0.0,0
Tallahassee,2026-04-14T02:00,15.6,14.8,64,3.4,0.0,0
Tallahassee,2026-04-14T03:00,15.3,14.3,67,5.4,0.0,0
Tallahassee,2026-04-14T04:00,14.7,14.1,75,4.8,0.0,0
Tallahassee,2026-04-14T05:00,14.5,14.1,81,5.5,0.0,0
Tallahassee,2026-04-14T06:00,14.4,14.4,88,5.4,0.0,0
Tallahassee,2026-04-14T07:00,14.4,14.8,94,5.1,0.0,0
Tallahassee,2026-04-14T08:00,16.1,16.8,89,5.1,0.0,0
Tallahassee,2026-04-14T09:00,19.8,20.7,76,6.9,0.0,0
Tallahassee,2026-04-14T10:00,22.6,22.9,61,8.6,0.0,0
Tallahassee,2026-04-14T11:00,24.9,25.7,51,8.7,0.0,0
Tallahassee,2026-04-14T12:00,26.8,28.3,44,9.2,0.0,0
Tallahassee,2026-04-14T13:00,28.1,29.7,39,10.6,0.0,0
Tallahassee,2026-04-14T14:00,29.0,30.3,36,12.6,0.0,0
Tallahassee,2026-04-14T15:00,29.4,30.2,34,13.7,0.0,0
Tallahassee,2026-04-14T16:00,29.2,29.3,34,14.9,0.0,0
Tallahassee,2026-04-14T17:00,28.3,27.6,36,15.0,0.0,0
Tallahassee,2026-04-14T18:00,26.3,25.0,42,13.6,0.0,0
Tallahassee,2026-04-14T19:00,23.5,22.5,49,11.1,0.0,0
Tallahassee,2026-04-14T20:00,21.1,20.3,55,9.1,0.0,0
Tallahassee,2026-04-14T21:00,19.7,18.9,57,7.2,0.0,0
Tallahassee,2026-04-14T22:00,18.7,17.6,56,6.8,0.0,0
Tallahassee,2026-04-14T23:00,17.8,16.6,56,6.7,0.0,0
Tallahassee,2026-04-15T00:00,17.1,16.2,57,3.1,0.0,1
Tallahassee,2026-04-15T01:00,16.4,15.3,59,4.7,0.0,3
Tallahassee,2026-04-15T02:00,15.9,14.3,61,8.2,0.0,4
Tallahassee,2026-04-15T03:00,15.5,14.0,62,6.8,0.0,5
Tallahassee,2026-04-15T04:00,15.1,14.2,64,3.3,0.0,6
Tallahassee,2026-04-15T05:00,15.0,14.3,66,2.3,0.0,6
Tallahassee,2026-04-15T06:00,15.0,14.6,71,2.3,0.0,4
Tallahassee,2026-04-15T07:00,15.1,15.0,76,2.5,0.0,2
Tallahassee,2026-04-15T08:00,16.2,16.4,77,3.1,0.0,0
Tallahassee,2026-04-15T09:00,19.0,19.6,69,3.2,0.0,0
Tallahassee,2026-04-15T10:00,22.7,23.3,57,4.3,0.0,0
Tallahassee,2026-04-15T11:00,25.8,26.7,47,5.8,0.0,0
Tallahassee,2026-04-15T12:00,27.8,29.5,41,7.2,0.0,1
Tallahassee,2026-04-15T13:00,29.2,31.2,38,8.7,0.0,3
Tallahassee,2026-04-15T14:00,29.9,31.8,36,10.8,0.0,4
Tallahassee,2026-04-15T15:00,30.0,31.3,36,13.4,0.0,5
Tallahassee,2026-04-15T16:00,29.4,30.0,38,15.6,0.0,6
Tallahassee,2026-04-15T17:00,28.3,28.2,42,16.7,0.0,7
Tallahassee,2026-04-15T18:00,26.6,25.8,48,15.5,0.0,6
Tallahassee,2026-04-15T19:00,24.3,24.1,56,13.0,0.0,5
Tallahassee,2026-04-15T20:00,22.3,22.4,63,10.7,0.0,7
Tallahassee,2026-04-15T21:00,20.9,21.4,70,9.0,0.0,16
Tallahassee,2026-04-15T22:00,19.8,20.5,78,8.4,0.0,28
Tallahassee,2026-04-15T23:00,18.8,19.6,83,8.4,0.0,36
Jacksonville,2026-04-09T00:00,16.4,14.4,90,24.6,0.0,70
Jacksonville,2026-04-09T01:00,16.7,14.8,82,21.3,0.0,56
Jacksonville,2026-04-09T02:00,16.5,14.1,84,24.6,0.0,100
Jacksonville,2026-04-09T03:00,16.5,15.1,86,19.1,0.0,27
Jacksonville,2026-04-09T04:00,16.4,14.6,86,21.5,0.0,15
Jacksonville,2026-04-09T05:00,16.6,15.2,88,20.3,0.0,13
Jacksonville,2026-04-09T06:00,16.4,15.0,86,19.1,0.0,100
Jacksonville,2026-04-09T07:00,16.2,14.7,88,20.2,0.0,99
Jacksonville,2026-04-09T08:00,17.0,15.5,88,21.4,0.0,100
Jacksonville,2026-04-09T09:00,18.1,16.2,82,24.5,0.0,100
Jacksonville,2026-04-09T10:00,18.4,16.6,83,25.3,0.0,100
Jacksonville,2026-04-09T11:00,18.5,16.4,85,28.7,0.0,100
Jacksonville,2026-04-09T12:00,18.1,15.5,81,28.8,0.0,100
Jacksonville,2026-04-09T13:00,19.8,17.6,79,29.0,0.0,100
Jacksonville,2026-04-09T14:00,19.8,17.5,77,29.4,0.0,100
Jacksonville,2026-04-09T15:00,20.2,18.9,81,26.9,0.0,100
Jacksonville,2026-04-09T16:00,19.7,17.4,76,28.3,0.0,100
Jacksonville,2026-04-09T17:00,20.1,18.4,80,27.4,0.0,59
Jacksonville,2026-04-09T18:00,19.2,18.0,84,23.9,0.0,36
Jacksonville,2026-04-09T19:00,18.5,17.2,82,21.4,0.0,68
Jacksonville,2026-04-09T20:00,17.5,16.2,80,18.4,0.0,4
Jacksonville,2026-04-09T21:00,16.5,16.0,84,12.4,0.0,1
Jacksonville,2026-04-09T22:00,16.3,15.3,82,13.8,0.0,0
Jacksonville,2026-04-09T23:00,16.7,16.2,86,13.4,0.0,100
Jacksonville,2026-04-10T00:00,16.7,16.5,89,12.6,0.0,34
Jacksonville,2026-04-10T01:00,16.1,16.0,91,11.5,0.0,1
Jacksonville,2026-04-10T02:00,15.8,15.4,90,12.1,0.0,2
Jacksonville,2026-04-10T03:00,15.8,15.2,89,12.9,0.0,2
Jacksonville,2026-04-10T04:00,15.6,15.3,90,11.3,0.0,1
Jacksonville,2026-04-10T05:00,15.4,15.0,91,11.6,0.0,2
Jacksonville,2026-04-10T06:00,16.2,15.7,91,14.5,0.0,89
Jacksonville,2026-04-10T07:00,16.8,16.4,91,15.6,0.0,100
Jacksonville,2026-04-10T08:00,17.3,17.6,91,11.3,0.0,90
Jacksonville,2026-04-10T09:00,18.8,18.7,86,16.1,0.0,91
Jacksonville,2026-04-10T10:00,20.0,19.3,80,20.1,0.0,97
Jacksonville,2026-04-10T11:00,19.5,19.8,79,11.2,0.0,100
Jacksonville,2026-04-10T12:00,21.8,20.6,66,20.1,0.0,54
Jacksonville,2026-04-10T13:00,23.9,23.6,55,19.6,0.0,25
Jacksonville,2026-04-10T14:00,24.1,24.1,55,21.1,0.0,27
Jacksonville,2026-04-10T15:00,23.6,22.8,58,21.7,0.0,20
Jacksonville,2026-04-10T16:00,23.7,22.7,56,22.9,0.0,66
Jacksonville,2026-04-10T17:00,23.4,22.3,58,21.4,0.0,29
Jacksonville,2026-04-10T18:00,22.6,21.1,60,20.5,0.0,13
Jacksonville,2026-04-10T19:00,21.4,20.7,67,16.6,0.0,1
Jacksonville,2026-04-10T20:00,19.7,19.9,76,11.2,0.0,6
Jacksonville,2026-04-10T21:00,18.4,19.0,84,9.2,0.0,94
Jacksonville,2026-04-10T22:00,17.6,18.4,88,7.7,0.0,100
Jacksonville,2026-04-10T23:00,16.9,17.9,92,6.1,0.0,100
Jacksonville,2026-04-11T00:00,16.3,16.8,91,7.6,0.0,100
Jacksonville,2026-04-11T01:00,15.9,16.4,90,6.4,0.0,100
Jacksonville,2026-04-11T02:00,15.4,15.5,88,7.1,0.0,100
Jacksonville,2026-04-11T03:00,15.0,15.0,88,6.6,0.0,100
Jacksonville,2026-04-11T04:00,14.5,14.5,89,6.3,0.0,63
Jacksonville,2026-04-11T05:00,14.0,14.1,90,4.7,0.0,77
Jacksonville,2026-04-11T06:00,13.5,13.9,93,2.4,0.0,100
Jacksonville,2026-04-11T07:00,12.9,13.4,100,2.5,0.0,100
Jacksonville,2026-04-11T08:00,12.9,13.6,100,1.8,0.0,100
Jacksonville,2026-04-11T09:00,18.9,19.6,80,7.4,0.0,85
Jacksonville,2026-04-11T10:00,22.4,22.7,62,9.0,0.0,100
Jacksonville,2026-04-11T11:00,24.0,23.2,47,12.2,0.0,100
Jacksonville,2026-04-11T12:00,25.2,24.3,39,15.4,0.0,100
Jacksonville,2026-04-11T13:00,26.1,25.1,32,18.6,0.0,18
Jacksonville,2026-04-11T14:00,26.5,25.2,29,19.4,0.0,1
Jacksonville,2026-04-11T15:00,26.6,24.9,28,19.2,0.0,100
Jacksonville,2026-04-11T16:00,25.8,23.6,32,20.0,0.0,100
Jacksonville,2026-04-11T17:00,25.1,22.5,32,17.6,0.0,14
Jacksonville,2026-04-11T18:00,24.4,21.6,35,15.2,0.0,0
Jacksonville,2026-04-11T19:00,23.3,21.3,43,13.8,0.0,0
Jacksonville,2026-04-11T20:00,21.6,20.5,54,11.3,0.0,0
Jacksonville,2026-04-11T21:00,20.9,20.6,62,9.6,0.0,0
Jacksonville,2026-04-11T22:00,20.3,20.2,66,8.7,0.0,0
Jacksonville,2026-04-11T23:00,19.9,20.0,70,8.7,0.0,0
Jacksonville,2026-04-12T00:00,19.6,19.9,73,8.3,0.0,0
Jacksonville,2026-04-12T01:00,19.1,19.9,77,5.8,0.0,0
Jacksonville,2026-04-12T02:00,18.6,19.4,79,5.8,0.0,0
Jacksonville,2026-04-12T03:00,18.3,19.0,80,5.8,0.0,0
Jacksonville,2026-04-12T04:00,18.0,18.5,81,6.9,0.0,0
Jacksonville,2026-04-12T05:00,17.7,18.2,82,6.8,0.0,0
Jacksonville,2026-04-12T06:00,17.5,18.1,84,6.5,0.0,0
Jacksonville,2026-04-12T07:00,17.3,18.0,85,6.1,0.0,0
Jacksonville,2026-04-12T08:00,18.6,19.5,78,4.5,0.0,0
Jacksonville,2026-04-12T09:00,21.7,20.7,59,13.7,0.0,0
Jacksonville,2026-04-12T10:00,23.6,21.6,47,17.1,0.0,0
Jacksonville,2026-04-12T11:00,24.9,23.1,41,18.7,0.0,0
Jacksonville,2026-04-12T12:00,25.8,24.6,38,19.8,0.0,0
Jacksonville,2026-04-12T13:00,26.5,25.7,36,19.9,0.0,0
Jacksonville,2026-04-12T14:00,27.0,26.1,34,20.5,0.0,5
Jacksonville,2026-04-12T15:00,27.0,25.8,34,21.2,0.0,5
Jacksonville,2026-04-12T16:00,26.4,24.7,36,21.7,0.0,0
Jacksonville,2026-04-12T17:00,25.7,23.6,38,19.9,0.0,0
Jacksonville,2026-04-12T18:00,24.5,22.0,44,19.8,0.0,0
Jacksonville,2026-04-12T19:00,23.2,21.3,50,17.8,0.0,0
Jacksonville,2026-04-12T20:00,21.8,20.7,57,13.6,0.0,0
Jacksonville,2026-04-12T21:00,21.0,20.4,62,11.2,0.0,0
Jacksonville,2026-04-12T22:00,20.5,20.1,65,10.6,0.0,0
Jacksonville,2026-04-12T23:00,20.0,19.8,67,9.3,0.0,0
Jacksonville,2026-04-13T00:00,19.6,19.6,70,8.5,0.0,0
Jacksonville,2026-04-13T01:00,19.2,19.3,72,8.1,0.0,0
Jacksonville,2026-04-13T02:00,18.9,19.0,73,8.2,0.0,6
Jacksonville,2026-04-13T03:00,18.6,18.7,74,8.1,0.0,5
Jacksonville,2026-04-13T04:00,18.2,18.5,76,6.5,0.0,0
Jacksonville,2026-04-13T05:00,17.8,18.3,78,5.2,0.0,0
Jacksonville,2026-04-13T06:00,17.7,18.2,79,5.2,0.0,5
Jacksonville,2026-04-13T07:00,17.4,18.1,81,4.6,0.0,0
Jacksonville,2026-04-13T08:00,18.7,19.8,75,1.9,0.0,9
Jacksonville,2026-04-13T09:00,21.5,21.8,62,6.4,0.0,100
Jacksonville,2026-04-13T10:00,23.6,22.9,50,10.4,0.0,100
Jacksonville,2026-04-13T11:00,25.5,25.3,42,10.0,0.0,37
Jacksonville,2026-04-13T12:00,26.8,26.5,37,12.7,0.0,100
Jacksonville,2026-04-13T13:00,27.7,27.4,35,15.0,0.0,100
Jacksonville,2026-04-13T14:00,28.0,27.5,35,16.9,0.0,100
Jacksonville,2026-04-13T15:00,27.8,26.8,35,17.3,0.0,100
Jacksonville,2026-04-13T16:00,27.4,25.8,36,17.1,0.0,100
Jacksonville,2026-04-13T17:00,26.7,24.7,38,17.6,0.0,100
Jacksonville,2026-04-13T18:00,25.3,23.4,43,16.9,0.0,100
Jacksonville,2026-04-13T19:00,23.8,22.1,49,16.4,0.0,100
Jacksonville,2026-04-13T20:00,22.5,21.3,55,14.4,0.0,100
Jacksonville,2026-04-13T21:00,21.8,21.1,60,12.6,0.0,100
Jacksonville,2026-04-13T22:00,21.1,20.6,65,12.6,0.0,100
Jacksonville,2026-04-13T23:00,20.4,20.4,70,10.6,0.0,66
Jacksonville,2026-04-14T00:00,19.9,20.1,73,10.0,0.0,5
Jacksonville,2026-04-14T01:00,19.4,19.9,76,8.2,0.0,0
Jacksonville,2026-04-14T02:00,18.9,19.6,79,6.9,0.0,0
Jacksonville,2026-04-14T03:00,18.4,19.4,82,5.4,0.0,0
Jacksonville,2026-04-14T04:00,18.1,19.2,83,4.5,0.0,0
Jacksonville,2026-04-14T05:00,17.8,18.8,84,4.3,0.0,0
Jacksonville,2026-04-14T06:00,17.5,18.4,84,4.7,0.0,0
Jacksonville,2026-04-14T07:00,17.3,18.4,85,3.3,0.0,0
Jacksonville,2026-04-14T08:00,18.6,19.8,78,2.2,0.0,0
Jacksonville,2026-04-14T09:00,21.2,22.1,65,3.3,0.0,0
Jacksonville,2026-04-14T10:00,23.5,23.8,55,6.5,0.0,0
Jacksonville,2026-04-14T11:00,25.8,26.6,44,6.4,0.0,0
Jacksonville,2026-04-14T12:00,28.0,29.4,35,5.8,0.0,0
Jacksonville,2026-04-14T13:00,29.3,30.5,30,8.2,0.0,0
Jacksonville,2026-04-14T14:00,30.0,30.1,28,14.5,0.0,0
Jacksonville,2026-04-14T15:00,29.9,29.5,28,16.7,0.0,0
Jacksonville,2026-04-14T16:00,29.2,28.3,32,18.3,0.0,0
Jacksonville,2026-04-14T17:00,28.1,26.5,36,19.2,0.0,0
Jacksonville,2026-04-14T18:00,26.5,24.5,42,18.7,0.0,0
Jacksonville,2026-04-14T19:00,24.6,23.2,50,17.0,0.0,0
Jacksonville,2026-04-14T20:00,23.0,21.9,56,15.5,0.0,0
Jacksonville,2026-04-14T21:00,22.1,21.4,61,14.4,0.0,0
Jacksonville,2026-04-14T22:00,21.5,21.1,64,13.3,0.0,0
Jacksonville,2026-04-14T23:00,21.1,20.9,67,12.0,0.0,0
Jacksonville,2026-04-15T00:00,20.6,20.7,69,10.0,0.0,0
Jacksonville,2026-04-15T01:00,20.2,20.5,71,8.4,0.0,0
Jacksonville,2026-04-15T02:00,19.8,20.3,73,7.6,0.0,0
Jacksonville,2026-04-15T03:00,19.2,19.7,75,7.3,0.0,0
Jacksonville,2026-04-15T04:00,18.7,19.3,78,6.8,0.0,0
Jacksonville,2026-04-15T05:00,18.4,19.0,79,6.5,0.0,0
Jacksonville,2026-04-15T06:00,18.1,18.7,79,6.1,0.0,0
Jacksonville,2026-04-15T07:00,18.1,18.7,78,5.8,0.0,0
Jacksonville,2026-04-15T08:00,18.9,19.4,74,5.9,0.0,0
Jacksonville,2026-04-15T09:00,20.8,21.3,65,5.9,0.0,0
Jacksonville,2026-04-15T10:00,23.6,23.7,52,6.2,0.0,0
Jacksonville,2026-04-15T11:00,26.2,26.7,41,5.8,0.0,0
Jacksonville,2026-04-15T12:00,28.6,30.0,33,4.8,0.0,0
Jacksonville,2026-04-15T13:00,31.0,33.0,27,3.7,0.0,0
Jacksonville,2026-04-15T14:00,32.5,34.6,23,2.9,0.0,0
Jacksonville,2026-04-15T15:00,32.7,34.0,23,6.4,0.0,0
Jacksonville,2026-04-15T16:00,32.1,31.7,25,13.7,0.0,0
Jacksonville,2026-04-15T17:00,30.9,29.1,29,19.1,0.0,0
Jacksonville,2026-04-15T18:00,28.7,26.4,36,20.0,0.0,1
Jacksonville,2026-04-15T19:00,25.9,24.1,45,19.1,0.0,3
Jacksonville,2026-04-15T20:00,23.7,22.3,53,17.4,0.0,4
Jacksonville,2026-04-15T21:00,22.6,21.6,58,15.1,0.0,4
Jacksonville,2026-04-15T22:00,22.1,21.7,62,12.6,0.0,3
Jacksonville,2026-04-15T23:00,21.7,21.6,65,11.6,0.0,3
Orlando,2026-04-09T00:00,18.2,18.1,86,14.3,0.0,100
Orlando,2026-04-09T01:00,18.6,18.7,84,12.9,0.0,98
Orlando,2026-04-09T02:00,18.5,18.6,85,13.0,0.0,100
Orlando,2026-04-09T03:00,18.5,18.4,82,13.6,0.0,52
Orlando,2026-04-09T04:00,18.0,17.8,83,13.5,0.0,99
Orlando,2026-04-09T05:00,18.5,18.7,85,12.4,0.0,99
Orlando,2026-04-09T06:00,18.7,18.8,83,12.4,0.0,100
Orlando,2026-04-09T07:00,18.8,19.1,84,12.9,0.0,100
Orlando,2026-04-09T08:00,18.5,18.8,84,11.9,0.0,100
Orlando,2026-04-09T09:00,19.4,18.8,81,18.4,0.0,100
Orlando,2026-04-09T10:00,20.8,19.5,75,23.7,0.0,100
Orlando,2026-04-09T11:00,22.0,21.1,75,24.0,0.0,100
Orlando,2026-04-09T12:00,21.6,21.0,81,24.9,0.0,100
Orlando,2026-04-09T13:00,20.7,19.8,80,24.2,0.0,100
Orlando,2026-04-09T14:00,22.9,24.1,81,16.4,0.0,100
Orlando,2026-04-09T15:00,21.8,20.7,73,24.2,0.0,100
Orlando,2026-04-09T16:00,22.8,21.9,71,24.5,0.0,85
Orlando,2026-04-09T17:00,22.3,21.7,78,25.0,0.0,100
Orlando,2026-04-09T18:00,22.5,21.7,68,21.0,0.0,100
Orlando,2026-04-09T19:00,21.4,20.6,75,21.7,0.0,99
Orlando,2026-04-09T20:00,20.2,20.0,74,14.2,0.0,26
Orlando,2026-04-09T21:00,19.2,19.6,78,10.0,0.0,90
Orlando,2026-04-09T22:00,19.1,19.6,76,8.2,0.0,74
Orlando,2026-04-09T23:00,18.5,18.2,77,12.0,0.0,3
Orlando,2026-04-10T00:00,17.7,17.4,78,10.5,0.0,0
Orlando,2026-04-10T01:00,17.0,16.8,80,8.9,0.0,0
Orlando,2026-04-10T02:00,16.3,16.2,83,8.0,0.0,0
Orlando,2026-04-10T03:00,15.8,15.6,83,8.4,0.0,0
Orlando,2026-04-10T04:00,15.5,15.2,85,8.7,0.0,0
Orlando,2026-04-10T05:00,15.3,14.9,85,8.9,0.0,0
Orlando,2026-04-10T06:00,15.0,14.8,87,7.6,0.0,1
Orlando,2026-04-10T07:00,14.9,14.5,88,8.8,0.0,2
Orlando,2026-04-10T08:00,16.0,16.8,89,4.0,0.0,82
Orlando,2026-04-10T09:00,19.2,19.6,76,8.5,0.0,100
Orlando,2026-04-10T10:00,22.0,22.6,71,11.5,0.0,50
Orlando,2026-04-10T11:00,24.0,24.0,59,15.2,0.0,27
Orlando,2026-04-10T12:00,24.3,23.9,57,19.9,0.0,100
Orlando,2026-04-10T13:00,24.3,23.8,58,16.6,0.0,62
Orlando,2026-04-10T14:00,24.1,22.6,55,20.9,0.0,100
Orlando,2026-04-10T15:00,25.2,24.2,51,19.0,0.0,51
Orlando,2026-04-10T16:00,24.1,23.2,57,18.0,0.0,70
Orlando,2026-04-10T17:00,23.6,23.6,61,13.7,0.0,100
Orlando,2026-04-10T18:00,20.4,22.5,81,2.9,0.0,100
Orlando,2026-04-10T19:00,21.0,22.8,80,6.1,0.0,100
Orlando,2026-04-10T20:00,19.7,20.2,81,12.4,0.0,100
Orlando,2026-04-10T21:00,19.0,20.0,85,8.7,0.0,100
Orlando,2026-04-10T22:00,18.8,20.1,88,7.9,0.0,100
Orlando,2026-04-10T23:00,18.7,18.7,86,14.8,0.0,100
Orlando,2026-04-11T00:00,18.6,19.5,87,9.5,0.0,100
Orlando,2026-04-11T01:00,18.4,18.7,84,10.8,0.0,100
Orlando,2026-04-11T02:00,18.0,19.3,88,5.9,0.0,100
Orlando,2026-04-11T03:00,17.6,18.7,88,5.3,0.0,100
Orlando,2026-04-11T04:00,18.1,19.2,87,6.0,0.0,100
Orlando,2026-04-11T05:00,18.0,19.2,87,5.6,0.0,81
Orlando,2026-04-11T06:00,17.0,18.4,93,4.9,0.0,94
Orlando,2026-04-11T07:00,16.4,17.3,91,5.4,0.0,74
Orlando,2026-04-11T08:00,17.2,18.8,94,4.3,0.0,100
Orlando,2026-04-11T09:00,20.2,21.6,79,5.8,0.0,100
Orlando,2026-04-11T10:00,22.5,22.8,65,10.9,0.0,83
Orlando,2026-04-11T11:00,24.0,24.2,58,13.2,0.0,100
Orlando,2026-04-11T12:00,25.5,25.6,46,16.4,0.0,100
Orlando,2026-04-11T13:00,25.2,23.9,47,18.1,0.0,100
Orlando,2026-04-11T14:00,25.5,25.4,49,19.6,0.0,100
Orlando,2026-04-11T15:00,24.0,22.2,56,22.7,0.0,100
Orlando,2026-04-11T16:00,22.9,22.4,62,16.0,0.0,100
Orlando,2026-04-11T17:00,22.9,22.7,63,14.2,0.0,100
Orlando,2026-04-11T18:00,24.1,23.6,57,15.3,0.0,100
Orlando,2026-04-11T19:00,23.3,21.4,52,19.5,0.0,66
Orlando,2026-04-11T20:00,21.7,20.2,56,15.3,0.0,48
Orlando,2026-04-11T21:00,21.1,20.0,59,14.1,0.0,0
Orlando,2026-04-11T22:00,20.4,19.4,63,13.7,0.0,0
Orlando,2026-04-11T23:00,19.9,19.2,65,12.1,0.0,0
Orlando,2026-04-12T00:00,19.5,18.8,67,11.8,0.0,0
Orlando,2026-04-12T01:00,19.2,18.7,68,10.8,0.0,0
Orlando,2026-04-12T02:00,18.9,18.5,69,9.9,0.0,0
Orlando,2026-04-12T03:00,18.5,18.1,71,9.5,0.0,0
Orlando,2026-04-12T04:00,18.1,18.0,73,8.0,0.0,0
Orlando,2026-04-12T05:00,17.8,17.6,75,8.7,0.0,0
Orlando,2026-04-12T06:00,17.6,17.5,76,7.9,0.0,0
Orlando,2026-04-12T07:00,17.5,17.4,77,8.2,0.0,0
Orlando,2026-04-12T08:00,18.5,18.2,73,10.0,0.0,0
Orlando,2026-04-12T09:00,21.3,19.6,59,18.5,0.0,0
Orlando,2026-04-12T10:00,23.4,21.0,48,20.6,0.0,0
Orlando,2026-04-12T11:00,25.1,23.5,42,19.8,0.0,0
Orlando,2026-04-12T12:00,26.5,25.2,37,21.3,0.0,0
Orlando,2026-04-12T13:00,27.4,26.5,34,20.8,0.0,0
Orlando,2026-04-12T14:00,28.0,27.1,34,22.3,0.0,0
Orlando,2026-04-12T15:00,28.0,26.4,33,24.5,0.0,0
Orlando,2026-04-12T16:00,27.5,25.4,34,24.9,0.0,0
Orlando,2026-04-12T17:00,26.7,24.2,37,23.6,0.0,0
Orlando,2026-04-12T18:00,25.5,22.9,42,21.7,0.0,5
Orlando,2026-04-12T19:00,23.8,21.5,48,20.5,0.0,0
Orlando,2026-04-12T20:00,22.2,20.6,55,17.3,0.0,0
Orlando,2026-04-12T21:00,21.4,20.3,60,15.0,0.0,0
Orlando,2026-04-12T22:00,20.7,19.8,63,13.6,0.0,0
Orlando,2026-04-12T23:00,20.1,19.4,66,13.1,0.0,0
Orlando,2026-04-13T00:00,19.7,19.2,68,11.8,0.0,0
Orlando,2026-04-13T01:00,19.4,18.8,68,11.6,0.0,0
Orlando,2026-04-13T02:00,19.1,18.5,69,11.2,0.0,0
Orlando,2026-04-13T03:00,18.7,18.3,71,10.5,0.0,0
Orlando,2026-04-13T04:00,18.4,18.1,72,9.7,0.0,0
Orlando,2026-04-13T05:00,18.1,17.6,72,10.4,0.0,0
Orlando,2026-04-13T06:00,17.8,17.4,73,9.4,0.0,0
Orlando,2026-04-13T07:00,17.6,17.6,75,7.3,0.0,0
Orlando,2026-04-13T08:00,18.7,18.6,70,7.7,0.0,0
Orlando,2026-04-13T09:00,21.3,20.7,60,11.5,0.0,0
Orlando,2026-04-13T10:00,23.4,21.9,51,16.0,0.0,51
Orlando,2026-04-13T11:00,25.2,24.4,44,15.9,0.0,12
Orlando,2026-04-13T12:00,26.6,26.3,39,16.7,0.0,71
Orlando,2026-04-13T13:00,27.4,27.2,36,16.2,0.0,100
Orlando,2026-04-13T14:00,28.1,27.6,34,17.5,0.0,100
Orlando,2026-04-13T15:00,28.3,27.5,34,18.3,0.0,100
Orlando,2026-04-13T16:00,28.1,26.6,34,19.1,0.0,100
Orlando,2026-04-13T17:00,27.3,25.2,37,19.2,0.0,100
Orlando,2026-04-13T18:00,25.8,23.6,42,19.1,0.0,100
Orlando,2026-04-13T19:00,24.2,22.4,49,18.9,0.0,100
Orlando,2026-04-13T20:00,22.6,21.2,56,17.3,0.0,100
Orlando,2026-04-13T21:00,21.9,21.0,60,14.4,0.0,100
Orlando,2026-04-13T22:00,21.3,20.8,63,12.3,0.0,100
Orlando,2026-04-13T23:00,20.7,20.4,66,11.2,0.0,100
Orlando,2026-04-14T00:00,20.2,20.1,69,10.6,0.0,100
Orlando,2026-04-14T01:00,19.9,20.0,70,9.1,0.0,100
Orlando,2026-04-14T02:00,19.4,19.7,72,7.6,0.0,7
Orlando,2026-04-14T03:00,19.0,19.4,73,6.5,0.0,0
Orlando,2026-04-14T04:00,18.7,19.2,75,6.1,0.0,0
Orlando,2026-04-14T05:00,18.4,18.9,77,6.1,0.0,5
Orlando,2026-04-14T06:00,18.2,18.8,78,5.9,0.0,5
Orlando,2026-04-14T07:00,18.0,18.5,78,5.9,0.0,0
Orlando,2026-04-14T08:00,19.1,19.6,73,5.8,0.0,0
Orlando,2026-04-14T09:00,21.6,21.9,63,8.0,0.0,0
Orlando,2026-04-14T10:00,23.8,23.2,53,12.1,0.0,0
Orlando,2026-04-14T11:00,25.6,25.8,46,12.1,0.0,0
Orlando,2026-04-14T12:00,27.2,28.0,40,12.4,0.0,0
Orlando,2026-04-14T13:00,28.5,29.3,36,14.4,0.0,0
Orlando,2026-04-14T14:00,29.3,29.8,34,16.4,0.0,0
Orlando,2026-04-14T15:00,29.6,29.6,33,17.9,0.0,0
Orlando,2026-04-14T16:00,29.4,28.6,33,19.0,0.0,0
Orlando,2026-04-14T17:00,28.6,27.0,35,19.8,0.0,0
Orlando,2026-04-14T18:00,27.1,25.1,41,19.6,0.0,0
Orlando,2026-04-14T19:00,25.1,23.4,48,19.3,0.0,0
Orlando,2026-04-14T20:00,23.4,22.0,55,18.1,0.0,0
Orlando,2026-04-14T21:00,22.4,21.4,59,16.1,0.0,0
Orlando,2026-04-14T22:00,21.7,21.1,62,13.4,0.0,0
Orlando,2026-04-14T23:00,21.1,20.9,65,11.1,0.0,0
Orlando,2026-04-15T00:00,20.6,20.5,67,9.8,0.0,0
Orlando,2026-04-15T01:00,20.1,20.0,68,9.1,0.0,0
Orlando,2026-04-15T02:00,19.6,19.6,69,8.2,0.0,0
Orlando,2026-04-15T03:00,19.2,19.3,70,6.9,0.0,0
Orlando,2026-04-15T04:00,18.8,19.1,72,5.7,0.0,0
Orlando,2026-04-15T05:00,18.5,19.0,73,5.0,0.0,0
Orlando,2026-04-15T06:00,18.4,18.9,75,5.2,0.0,0
Orlando,2026-04-15T07:00,18.4,18.9,76,5.7,0.0,0
Orlando,2026-04-15T08:00,19.0,19.5,74,6.4,0.0,0
Orlando,2026-04-15T09:00,20.8,21.2,67,7.2,0.0,0
Orlando,2026-04-15T10:00,23.3,23.4,56,8.1,0.0,0
Orlando,2026-04-15T11:00,25.5,26.1,47,8.9,0.0,0
Orlando,2026-04-15T12:00,27.3,28.6,40,9.4,0.0,0
Orlando,2026-04-15T13:00,28.9,30.5,35,9.8,0.0,0
Orlando,2026-04-15T14:00,30.0,31.5,31,10.2,0.0,0
Orlando,2026-04-15T15:00,30.7,31.6,29,11.7,0.0,0
Orlando,2026-04-15T16:00,30.9,30.8,28,13.3,0.0,0
Orlando,2026-04-15T17:00,30.4,29.5,31,15.0,0.0,0
Orlando,2026-04-15T18:00,28.8,27.4,39,16.9,0.0,0
Orlando,2026-04-15T19:00,26.4,25.1,49,19.5,0.0,0
Orlando,2026-04-15T20:00,24.3,23.2,59,21.0,0.0,0
Orlando,2026-04-15T21:00,23.1,22.4,66,19.8,0.0,0
Orlando,2026-04-15T22:00,22.2,22.2,73,17.6,0.0,0
Orlando,2026-04-15T23:00,21.5,22.0,77,14.8,0.0,0
Tampa,2026-04-09T00:00,19.6,19.8,83,15.0,0.0,100
Tampa,2026-04-09T01:00,19.5,19.7,86,15.6,0.0,100
Tampa,2026-04-09T02:00,19.8,19.8,82,15.4,0.0,100
Tampa,2026-04-09T03:00,20.0,19.9,81,17.3,0.0,100
Tampa,2026-04-09T04:00,19.4,19.6,85,15.0,0.0,36
Tampa,2026-04-09T05:00,19.0,19.6,85,12.0,0.0,38
Tampa,2026-04-09T06:00,19.2,19.7,86,13.8,0.0,38
Tampa,2026-04-09T07:00,19.5,19.8,83,13.9,0.0,85
Tampa,2026-04-09T08:00,19.5,19.6,83,14.9,0.0,46
Tampa,2026-04-09T09:00,20.4,20.1,80,18.8,0.0,28
Tampa,2026-04-09T10:00,22.0,21.6,76,21.9,0.0,100
Tampa,2026-04-09T11:00,23.2,22.7,72,23.4,0.0,100
Tampa,2026-04-09T12:00,25.0,24.1,64,25.6,0.0,100
Tampa,2026-04-09T13:00,24.3,23.7,67,23.6,0.0,100
Tampa,2026-04-09T14:00,27.4,26.0,53,26.2,0.0,40
Tampa,2026-04-09T15:00,28.0,27.6,52,23.1,0.0,95
Tampa,2026-04-09T16:00,26.8,26.7,61,22.7,0.0,88
Tampa,2026-04-09T17:00,24.8,24.7,71,23.7,0.0,99
Tampa,2026-04-09T18:00,24.3,23.7,64,21.6,0.0,100
Tampa,2026-04-09T19:00,22.2,22.2,80,22.3,0.1,66
Tampa,2026-04-09T20:00,22.5,21.5,66,20.0,0.0,100
Tampa,2026-04-09T21:00,21.5,21.6,75,16.7,0.0,16
Tampa,2026-04-09T22:00,20.8,20.5,77,17.1,0.0,28
Tampa,2026-04-09T23:00,20.1,19.6,77,17.7,0.0,8
Tampa,2026-04-10T00:00,20.0,19.3,74,16.3,0.0,7
Tampa,2026-04-10T01:00,19.5,19.2,76,13.8,0.0,60
Tampa,2026-04-10T02:00,19.1,18.6,75,13.5,0.0,26
Tampa,2026-04-10T03:00,18.5,18.0,76,13.0,0.0,14
Tampa,2026-04-10T04:00,18.0,17.5,76,12.2,0.0,0
Tampa,2026-04-10T05:00,17.6,17.0,77,12.2,0.0,2
Tampa,2026-04-10T06:00,17.1,16.6,79,10.8,0.0,2
Tampa,2026-04-10T07:00,16.9,16.3,80,11.3,0.0,0
Tampa,2026-04-10T08:00,18.0,17.5,77,12.3,0.0,71
Tampa,2026-04-10T09:00,20.6,19.7,67,16.1,0.0,46
Tampa,2026-04-10T10:00,22.7,21.9,62,17.1,0.0,5
Tampa,2026-04-10T11:00,24.4,24.4,59,17.9,0.0,29
Tampa,2026-04-10T12:00,25.4,26.0,55,16.1,0.0,30
Tampa,2026-04-10T13:00,27.0,27.8,45,14.9,0.0,29
Tampa,2026-04-10T14:00,27.8,28.3,39,15.0,0.0,34
Tampa,2026-04-10T15:00,28.4,28.8,35,15.3,0.0,31
Tampa,2026-04-10T16:00,28.1,26.9,35,16.1,0.0,92
Tampa,2026-04-10T17:00,26.6,24.9,44,19.4,0.0,100
Tampa,2026-04-10T18:00,25.8,24.3,49,19.7,0.0,100
Tampa,2026-04-10T19:00,24.9,23.2,48,18.3,0.0,54
Tampa,2026-04-10T20:00,22.6,21.7,57,14.4,0.0,1
Tampa,2026-04-10T21:00,21.2,20.4,61,13.3,0.0,1
Tampa,2026-04-10T22:00,20.4,20.1,67,10.8,0.0,3
Tampa,2026-04-10T23:00,19.5,19.8,74,8.6,0.0,1
Tampa,2026-04-11T00:00,19.0,19.6,82,10.0,0.0,37
Tampa,2026-04-11T01:00,18.5,19.3,84,7.6,0.0,100
Tampa,2026-04-11T02:00,17.8,18.6,88,7.4,0.0,100
Tampa,2026-04-11T03:00,17.1,18.2,91,6.4,0.0,100
Tampa,2026-04-11T04:00,16.8,17.7,92,6.7,0.0,100
Tampa,2026-04-11T05:00,16.5,17.4,93,6.8,0.0,100
Tampa,2026-04-11T06:00,16.3,17.0,92,6.6,0.0,100
Tampa,2026-04-11T07:00,15.9,16.4,91,6.5,0.0,87
Tampa,2026-04-11T08:00,17.5,18.5,91,7.5,0.0,2
Tampa,2026-04-11T09:00,20.5,21.4,77,8.6,0.0,50
Tampa,2026-04-11T10:00,22.5,23.1,71,12.5,0.0,42
Tampa,2026-04-11T11:00,23.5,23.6,63,13.9,0.0,62
Tampa,2026-04-11T12:00,25.1,24.5,50,15.2,0.0,26
Tampa,2026-04-11T13:00,26.4,26.6,44,14.6,0.0,28
Tampa,2026-04-11T14:00,27.5,28.2,41,13.2,0.0,50
Tampa,2026-04-11T15:00,26.1,25.0,43,13.2,0.0,98
Tampa,2026-04-11T16:00,27.4,25.4,32,12.3,0.0,95
Tampa,2026-04-11T17:00,26.6,25.0,40,15.1,0.0,85
Tampa,2026-04-11T18:00,26.2,23.9,44,22.3,0.0,47
Tampa,2026-04-11T19:00,24.9,22.3,46,22.6,0.0,0
Tampa,2026-04-11T20:00,22.6,20.4,53,20.8,0.0,1
Tampa,2026-04-11T21:00,21.4,19.0,55,21.3,0.0,0
Tampa,2026-04-11T22:00,20.4,18.2,60,20.3,0.0,0
Tampa,2026-04-11T23:00,19.6,17.9,64,17.1,0.0,0
Tampa,2026-04-12T00:00,18.6,17.4,69,14.0,0.0,0
Tampa,2026-04-12T01:00,17.9,16.8,72,13.2,0.0,0
Tampa,2026-04-12T02:00,17.4,16.4,75,13.3,0.0,0
Tampa,2026-04-12T03:00,17.0,16.0,76,12.9,0.0,0
Tampa,2026-04-12T04:00,16.7,15.6,78,13.5,0.0,0
Tampa,2026-04-12T05:00,16.4,15.2,79,13.8,0.0,0
Tampa,2026-04-12T06:00,16.2,15.1,80,13.3,0.0,0
Tampa,2026-04-12T07:00,15.9,14.9,82,12.7,0.0,0
Tampa,2026-04-12T08:00,17.1,16.2,77,12.9,0.0,0
Tampa,2026-04-12T09:00,20.7,19.0,61,17.9,0.0,0
Tampa,2026-04-12T10:00,23.4,20.9,51,22.9,0.0,0
Tampa,2026-04-12T11:00,25.1,23.0,45,24.5,0.0,0
Tampa,2026-04-12T12:00,26.6,24.7,38,25.3,0.0,0
Tampa,2026-04-12T13:00,27.9,26.3,35,26.3,0.0,0
Tampa,2026-04-12T14:00,29.2,27.9,32,24.9,0.0,0
Tampa,2026-04-12T15:00,29.5,27.5,30,27.1,0.0,0
Tampa,2026-04-12T16:00,29.6,27.6,31,25.2,0.0,0
Tampa,2026-04-12T17:00,29.0,25.7,32,28.5,0.0,0
Tampa,2026-04-12T18:00,27.5,23.5,35,28.9,0.0,0
Tampa,2026-04-12T19:00,26.0,22.9,40,24.3,0.0,0
Tampa,2026-04-12T20:00,23.9,21.4,49,22.5,0.0,0
Tampa,2026-04-12T21:00,22.2,19.6,58,25.3,0.0,0
Tampa,2026-04-12T22:00,21.1,18.7,61,23.6,0.0,0
Tampa,2026-04-12T23:00,20.3,18.4,66,20.9,0.0,0
Tampa,2026-04-13T00:00,19.7,18.2,69,19.0,0.0,0
Tampa,2026-04-13T01:00,19.2,17.8,70,17.8,0.0,0
Tampa,2026-04-13T02:00,18.7,17.2,71,17.2,0.0,0
Tampa,2026-04-13T03:00,18.2,16.7,72,17.1,0.0,0
Tampa,2026-04-13T04:00,17.6,16.1,74,16.2,0.0,0
Tampa,2026-04-13T05:00,17.3,16.1,75,14.3,0.0,0
Tampa,2026-04-13T06:00,16.8,15.7,78,13.6,0.0,0
Tampa,2026-04-13T07:00,16.5,15.5,80,13.1,0.0,5
Tampa,2026-04-13T08:00,17.6,16.8,76,12.4,0.0,7
Tampa,2026-04-13T09:00,21.0,19.6,61,16.2,0.0,21
Tampa,2026-04-13T10:00,23.5,21.3,51,21.0,0.0,12
Tampa,2026-04-13T11:00,25.1,23.5,44,20.0,0.0,84
Tampa,2026-04-13T12:00,26.5,25.4,39,19.1,0.0,100
Tampa,2026-04-13T13:00,27.8,27.3,36,18.2,0.0,100
Tampa,2026-04-13T14:00,28.9,28.6,33,17.7,0.0,100
Tampa,2026-04-13T15:00,29.8,29.7,31,17.3,0.0,12
Tampa,2026-04-13T16:00,30.0,28.6,30,18.8,0.0,100
Tampa,2026-04-13T17:00,29.2,26.4,32,20.6,0.0,100
Tampa,2026-04-13T18:00,28.5,25.7,34,21.4,0.0,100
Tampa,2026-04-13T19:00,27.0,24.2,39,23.2,0.0,100
Tampa,2026-04-13T20:00,24.7,22.2,47,22.7,0.0,100
Tampa,2026-04-13T21:00,22.8,20.3,54,23.8,0.0,100
Tampa,2026-04-13T22:00,21.5,19.2,61,23.4,0.0,100
Tampa,2026-04-13T23:00,20.8,18.8,64,21.7,0.0,100
Tampa,2026-04-14T00:00,20.1,18.5,68,19.5,0.0,100
Tampa,2026-04-14T01:00,19.2,18.2,72,15.9,0.0,100
Tampa,2026-04-14T02:00,18.2,17.5,77,14.0,0.0,0
Tampa,2026-04-14T03:00,17.7,17.2,80,12.6,0.0,6
Tampa,2026-04-14T04:00,17.4,16.9,81,12.3,0.0,5
Tampa,2026-04-14T05:00,17.1,16.8,83,11.5,0.0,6
Tampa,2026-04-14T06:00,16.9,16.6,84,11.2,0.0,5
Tampa,2026-04-14T07:00,16.7,16.5,85,10.8,0.0,5
Tampa,2026-04-14T08:00,18.0,17.9,79,10.1,0.0,0
Tampa,2026-04-14T09:00,21.2,20.9,66,12.6,0.0,0
Tampa,2026-04-14T10:00,23.7,22.8,55,15.4,0.0,0
Tampa,2026-04-14T11:00,25.6,25.2,47,15.7,0.0,0
Tampa,2026-04-14T12:00,27.3,27.5,40,15.6,0.0,0
Tampa,2026-04-14T13:00,28.8,29.6,36,15.0,0.0,0
Tampa,2026-04-14T14:00,30.0,30.7,32,14.8,0.0,0
Tampa,2026-04-14T15:00,30.8,31.1,29,15.5,0.0,0
Tampa,2026-04-14T16:00,31.3,30.8,28,16.6,0.0,0
Tampa,2026-04-14T17:00,31.1,29.6,29,18.0,0.0,0
Tampa,2026-04-14T18:00,29.9,27.3,32,20.5,0.0,2
Tampa,2026-04-14T19:00,28.0,25.2,37,23.8,0.0,4
Tampa,2026-04-14T20:00,26.2,23.3,43,25.3,0.0,5
Tampa,2026-04-14T21:00,24.5,22.1,50,23.6,0.0,4
Tampa,2026-04-14T22:00,22.8,21.1,57,20.2,0.0,2
Tampa,2026-04-14T23:00,21.4,20.2,63,17.2,0.0,0
Tampa,2026-04-15T00:00,20.3,19.4,67,15.0,0.0,0
Tampa,2026-04-15T01:00,19.5,19.0,71,12.8,0.0,0
Tampa,2026-04-15T02:00,18.9,18.6,74,11.2,0.0,0
Tampa,2026-04-15T03:00,18.2,18.1,77,10.5,0.0,0
Tampa,2026-04-15T04:00,17.7,17.6,80,10.2,0.0,0
Tampa,2026-04-15T05:00,17.4,17.2,81,10.2,0.0,0
Tampa,2026-04-15T06:00,17.2,17.0,82,10.2,0.0,0
Tampa,2026-04-15T07:00,17.2,17.1,82,10.1,0.0,0
Tampa,2026-04-15T08:00,18.1,18.0,78,10.2,0.0,0
Tampa,2026-04-15T09:00,20.3,20.1,68,10.6,0.0,0
Tampa,2026-04-15T10:00,23.2,22.7,54,11.1,0.0,0
Tampa,2026-04-15T11:00,25.9,25.8,43,11.1,0.0,0
Tampa,2026-04-15T12:00,27.9,28.6,36,10.5,0.0,0
Tampa,2026-04-15T13:00,29.5,30.8,31,9.7,0.0,0
Tampa,2026-04-15T14:00,30.7,32.4,28,7.4,0.0,0
Tampa,2026-04-15T15:00,31.3,33.4,27,4.9,0.0,0
Tampa,2026-04-15T16:00,31.5,32.4,27,7.9,0.0,0
Tampa,2026-04-15T17:00,30.9,30.5,30,12.3,0.0,0
Tampa,2026-04-15T18:00,29.0,27.6,36,15.3,0.0,0
Tampa,2026-04-15T19:00,26.5,24.8,43,17.7,0.0,0
Tampa,2026-04-15T20:00,24.2,22.7,51,17.8,0.0,0
Tampa,2026-04-15T21:00,22.5,21.7,58,14.2,0.0,0
Tampa,2026-04-15T22:00,21.2,20.9,65,12.4,0.0,0
Tampa,2026-04-15T23:00,20.3,19.7,70,14.3,0.0,0
Miami,2026-04-09T00:00,20.8,18.8,85,34.3,0.4,99
Miami,2026-04-09T01:00,21.0,20.4,86,25.4,0.0,100
Miami,2026-04-09T02:00,21.3,20.1,81,27.9,0.0,100
Miami,2026-04-09T03:00,21.3,20.6,82,24.8,0.0,25
Miami,2026-04-09T04:00,21.8,21.7,80,21.0,0.0,31
Miami,2026-04-09T05:00,21.8,22.0,83,20.6,0.0,100
Miami,2026-04-09T06:00,22.0,23.1,85,16.8,0.0,93
Miami,2026-04-09T07:00,22.1,24.9,87,6.8,0.0,100
Miami,2026-04-09T08:00,22.0,23.9,86,11.8,0.0,100
Miami,2026-04-09T09:00,23.6,25.9,82,11.8,0.0,100
Miami,2026-04-09T10:00,22.1,25.4,88,3.4,24.1,100
Miami,2026-04-09T11:00,22.5,24.9,88,11.6,0.2,100
Miami,2026-04-09T12:00,22.9,23.9,85,19.9,1.6,100
Miami,2026-04-09T13:00,24.7,27.3,87,16.9,0.0,100
Miami,2026-04-09T14:00,24.3,25.9,80,17.7,0.0,67
Miami,2026-04-09T15:00,24.8,27.3,86,23.3,0.0,100
Miami,2026-04-09T16:00,24.5,26.3,83,19.9,0.0,100
Miami,2026-04-09T17:00,23.3,23.6,84,26.0,0.0,100
Miami,2026-04-09T18:00,23.4,24.4,85,22.1,0.0,54
Miami,2026-04-09T19:00,22.8,23.4,83,22.0,0.0,100
Miami,2026-04-09T20:00,22.6,21.3,74,28.1,0.0,41
Miami,2026-04-09T21:00,22.4,22.4,77,20.5,0.0,46
Miami,2026-04-09T22:00,21.5,20.5,76,23.7,0.0,0
Miami,2026-04-09T23:00,21.3,20.6,81,24.0,0.0,4
Miami,2026-04-10T00:00,21.1,20.4,80,22.9,0.0,0
Miami,2026-04-10T01:00,21.0,20.5,81,22.2,0.0,1
Miami,2026-04-10T02:00,20.8,20.2,80,22.2,0.0,1
Miami,2026-04-10T03:00,20.6,19.8,79,21.9,0.0,0
Miami,2026-04-10T04:00,20.5,19.7,78,21.4,0.0,2
Miami,2026-04-10T05:00,20.3,19.5,77,20.2,0.0,3
Miami,2026-04-10T06:00,20.3,19.8,78,18.6,0.0,94
Miami,2026-04-10T07:00,20.3,20.2,79,16.3,0.0,53
Miami,2026-04-10T08:00,21.1,21.5,80,15.8,0.0,5
Miami,2026-04-10T09:00,22.7,23.1,76,17.9,0.0,6
Miami,2026-04-10T10:00,23.7,24.1,74,20.3,0.0,7
Miami,2026-04-10T11:00,24.3,25.3,72,21.0,0.0,2
Miami,2026-04-10T12:00,24.6,26.6,73,20.9,0.0,26
Miami,2026-04-10T13:00,24.6,26.5,73,22.4,0.0,19
Miami,2026-04-10T14:00,24.4,25.6,70,20.6,0.0,14
Miami,2026-04-10T15:00,24.5,25.8,71,21.4,0.0,25
Miami,2026-04-10T16:00,24.7,25.9,66,20.5,0.0,45
Miami,2026-04-10T17:00,24.3,24.6,67,21.5,0.0,74
Miami,2026-04-10T18:00,23.4,23.3,71,20.4,0.0,20
Miami,2026-04-10T19:00,22.2,22.3,74,17.1,0.0,11
Miami,2026-04-10T20:00,21.1,21.1,77,17.1,0.0,92
Miami,2026-04-10T21:00,20.9,21.0,78,16.5,0.0,86
Miami,2026-04-10T22:00,20.6,20.3,76,16.3,0.0,10
Miami,2026-04-10T23:00,20.5,20.8,80,14.3,0.0,55
Miami,2026-04-11T00:00,20.2,20.0,77,15.3,0.0,22
Miami,2026-04-11T01:00,20.0,20.2,79,13.8,0.0,58
Miami,2026-04-11T02:00,20.0,20.3,79,13.0,0.0,0
Miami,2026-04-11T03:00,19.8,20.2,80,12.0,0.0,0
Miami,2026-04-11T04:00,19.7,20.1,80,12.0,0.0,2
Miami,2026-04-11T05:00,19.7,20.1,80,11.2,0.0,100
Miami,2026-04-11T06:00,19.6,19.9,79,11.4,0.0,100
Miami,2026-04-11T07:00,19.3,19.7,80,11.2,0.0,100
Miami,2026-04-11T08:00,20.1,20.5,78,11.6,0.0,100
Miami,2026-04-11T09:00,22.0,21.8,71,16.9,0.0,69
Miami,2026-04-11T10:00,23.0,22.5,68,20.3,0.0,100
Miami,2026-04-11T11:00,23.5,23.1,66,20.5,0.0,100
Miami,2026-04-11T12:00,24.2,24.3,58,20.9,0.0,100
Miami,2026-04-11T13:00,24.3,24.3,56,22.0,0.0,100
Miami,2026-04-11T14:00,24.5,24.5,55,24.5,0.0,100
Miami,2026-04-11T15:00,24.8,24.2,51,23.3,0.0,100
Miami,2026-04-11T16:00,24.6,23.2,50,24.0,0.0,79
Miami,2026-04-11T17:00,24.6,22.9,51,22.5,0.0,64
Miami,2026-04-11T18:00,23.8,22.1,61,25.5,0.0,37
Miami,2026-04-11T19:00,23.0,21.1,63,25.7,0.0,6
Miami,2026-04-11T20:00,23.1,20.4,58,28.2,0.0,62
Miami,2026-04-11T21:00,23.9,21.0,58,31.6,0.0,100
Miami,2026-04-11T22:00,23.9,20.6,57,33.0,0.0,100
Miami,2026-04-11T23:00,23.6,20.4,58,33.6,0.0,6
Miami,2026-04-12T00:00,23.5,20.5,61,33.1,0.0,0
Miami,2026-04-12T01:00,23.2,20.6,63,31.7,0.0,6
Miami,2026-04-12T02:00,23.2,20.4,61,31.8,0.0,5
Miami,2026-04-12T03:00,23.0,20.7,64,29.7,0.0,0
Miami,2026-04-12T04:00,23.0,21.0,65,28.6,0.1,8
Miami,2026-04-12T05:00,23.2,21.0,65,30.3,0.1,75
Miami,2026-04-12T06:00,23.4,21.2,66,30.9,0.1,100
Miami,2026-04-12T07:00,23.0,20.8,71,33.1,0.3,100
Miami,2026-04-12T08:00,23.0,20.4,69,35.5,0.4,100
Miami,2026-04-12T09:00,23.1,20.4,66,33.9,0.1,78
Miami,2026-04-12T10:00,23.9,21.1,58,30.6,0.0,50
Miami,2026-04-12T11:00,24.4,20.5,50,33.3,0.0,100
Miami,2026-04-12T12:00,25.0,23.0,49,31.3,0.0,0
Miami,2026-04-12T13:00,24.9,24.8,59,28.8,0.0,0
Miami,2026-04-12T14:00,25.0,24.9,62,29.5,0.2,49
Miami,2026-04-12T15:00,25.0,23.6,61,33.7,0.2,61
Miami,2026-04-12T16:00,25.2,24.3,61,32.1,0.1,0
Miami,2026-04-12T17:00,25.0,23.8,62,29.7,0.1,23
Miami,2026-04-12T18:00,24.9,23.1,63,30.1,0.0,0
Miami,2026-04-12T19:00,24.2,22.3,66,32.0,0.1,16
Miami,2026-04-12T20:00,23.9,21.7,70,35.1,0.4,27
Miami,2026-04-12T21:00,24.0,21.3,68,37.1,0.4,95
Miami,2026-04-12T22:00,24.0,20.8,66,38.9,0.2,78
Miami,2026-04-12T23:00,24.0,20.6,62,37.7,0.0,100
Miami,2026-04-13T00:00,24.0,20.4,56,35.5,0.0,100
Miami,2026-04-13T01:00,24.0,20.4,54,33.3,0.0,100
Miami,2026-04-13T02:00,23.6,20.6,56,30.7,0.0,63
Miami,2026-04-13T03:00,23.2,20.3,61,32.2,0.0,15
Miami,2026-04-13T04:00,23.5,20.5,56,30.7,0.0,100
Miami,2026-04-13T05:00,23.8,19.9,52,33.5,0.0,89
Miami,2026-04-13T06:00,23.4,20.2,56,30.4,0.0,100
Miami,2026-04-13T07:00,23.5,20.9,60,29.4,0.0,100
Miami,2026-04-13T08:00,23.9,21.2,59,30.3,0.0,78
Miami,2026-04-13T09:00,24.5,21.2,51,31.2,0.0,0
Miami,2026-04-13T10:00,25.0,21.5,52,33.3,0.0,0
Miami,2026-04-13T11:00,25.0,22.3,51,33.7,0.0,0
Miami,2026-04-13T12:00,25.4,23.7,50,30.8,0.0,27
Miami,2026-04-13T13:00,25.5,24.5,51,30.6,0.0,5
Miami,2026-04-13T14:00,25.5,24.5,51,31.4,0.0,5
Miami,2026-04-13T15:00,25.5,24.6,51,29.7,0.0,85
Miami,2026-04-13T16:00,25.4,23.4,53,31.8,0.0,100
Miami,2026-04-13T17:00,25.1,22.7,54,31.0,0.0,100
Miami,2026-04-13T18:00,25.0,22.3,55,30.4,0.0,100
Miami,2026-04-13T19:00,24.8,22.2,56,30.2,0.0,10
Miami,2026-04-13T20:00,24.4,21.7,58,31.1,0.0,100
Miami,2026-04-13T21:00,24.1,21.4,58,31.6,0.0,100
Miami,2026-04-13T22:00,24.4,21.4,57,32.2,0.0,100
Miami,2026-04-13T23:00,24.0,21.5,59,30.5,0.0,100
Miami,2026-04-14T00:00,24.5,21.5,54,31.4,0.0,100
Miami,2026-04-14T01:00,24.1,21.1,56,32.1,0.0,100
Miami,2026-04-14T02:00,24.0,21.4,58,29.6,0.0,93
Miami,2026-04-14T03:00,23.6,21.2,59,28.4,0.0,79
Miami,2026-04-14T04:00,23.5,21.1,59,28.1,0.0,52
Miami,2026-04-14T05:00,23.5,21.3,59,27.0,0.0,100
Miami,2026-04-14T06:00,23.5,21.4,60,26.0,0.0,100
Miami,2026-04-14T07:00,23.5,21.7,60,25.0,0.0,100
Miami,2026-04-14T08:00,23.9,21.9,59,25.8,0.0,68
Miami,2026-04-14T09:00,24.2,22.0,57,27.5,0.0,15
Miami,2026-04-14T10:00,24.5,22.2,55,26.5,0.0,100
Miami,2026-04-14T11:00,24.1,22.1,59,27.3,0.0,100
Miami,2026-04-14T12:00,24.5,22.7,58,25.9,0.0,100
Miami,2026-04-14T13:00,25.0,23.0,55,26.1,0.0,100
Miami,2026-04-14T14:00,25.0,23.2,56,25.7,0.0,100
Miami,2026-04-14T15:00,25.2,23.4,55,25.4,0.0,93
Miami,2026-04-14T16:00,25.4,23.4,54,25.6,0.0,81
Miami,2026-04-14T17:00,25.4,23.4,54,25.8,0.0,67
Miami,2026-04-14T18:00,25.1,23.1,54,25.8,0.0,45
Miami,2026-04-14T19:00,24.9,22.7,54,25.8,0.0,20
Miami,2026-04-14T20:00,24.5,22.4,55,25.7,0.0,5
Miami,2026-04-14T21:00,24.2,22.4,58,25.2,0.0,9
Miami,2026-04-14T22:00,24.0,22.4,61,25.0,0.0,23
Miami,2026-04-14T23:00,23.9,22.5,63,24.7,0.0,40
Miami,2026-04-15T00:00,24.0,22.3,61,25.4,0.0,63
Miami,2026-04-15T01:00,24.1,22.0,57,26.6,0.0,88
Miami,2026-04-15T02:00,24.2,21.9,56,27.0,0.0,97
Miami,2026-04-15T03:00,24.0,22.3,59,24.8,0.0,73
Miami,2026-04-15T04:00,23.7,22.8,64,21.7,0.0,31
Miami,2026-04-15T05:00,23.5,23.2,69,19.8,0.0,2
Miami,2026-04-15T06:00,23.4,23.6,73,19.7,0.0,0
Miami,2026-04-15T07:00,23.5,23.9,76,20.2,0.0,4
Miami,2026-04-15T08:00,23.8,24.1,76,21.6,0.0,15
Miami,2026-04-15T09:00,24.2,23.9,70,23.4,0.0,35
Miami,2026-04-15T10:00,24.9,23.6,61,25.6,0.0,59
Miami,2026-04-15T11:00,25.5,23.4,54,26.6,0.0,69
Miami,2026-04-15T12:00,25.8,24.4,52,26.6,0.0,53
Miami,2026-04-15T13:00,25.9,25.6,52,25.6,0.0,22
Miami,2026-04-15T14:00,26.0,26.4,53,24.6,0.0,0
Miami,2026-04-15T15:00,25.9,26.4,53,23.6,0.0,0
Miami,2026-04-15T16:00,25.8,25.9,53,22.4,0.0,0
Miami,2026-04-15T17:00,25.5,25.0,54,21.7,0.0,0
Miami,2026-04-15T18:00,25.2,24.0,55,21.3,0.0,0
Miami,2026-04-15T19:00,24.9,23.7,57,21.6,0.0,0
Miami,2026-04-15T20:00,24.5,23.3,58,21.8,0.0,0
Miami,2026-04-15T21:00,24.4,23.2,59,21.9,0.0,0
Miami,2026-04-15T22:00,24.3,23.0,59,22.2,0.0,0
Miami,2026-04-15T23:00,24.2,23.1,60,22.2,0.0,1
